client_id,client_type,city,join_date
1,Retail,Chennai,2023-09-11
2,Institutional,Bangalore,2022-04-06
3,HNI,Chennai,2024-06-16
4,Retail,Pune,2024-12-21
5,Retail,Delhi,2023-07-15
6,Retail,Pune,2024-06-23
7,Retail,Delhi,2022-12-14
8,HNI,Mumbai,2023-11-02
9,Retail,Hyderabad,2022-11-13
10,HNI,Pune,2023-12-20
11,Retail,Chennai,2024-12-07
12,Institutional,Mumbai,2022-09-07
13,HNI,Hyderabad,2022-11-10
14,Retail,Chennai,2024-03-17
15,Retail,Bangalore,2023-04-30
16,Retail,Chennai,2022-02-13
17,Retail,Delhi,2023-07-25
18,Retail,Delhi,2023-08-06
19,Retail,Bangalore,2024-06-13
20,Retail,Mumbai,2022-08-08
21,Retail,Hyderabad,2024-07-13
22,Retail,Chennai,2023-02-05
23,Retail,Delhi,2023-12-28
24,Retail,Mumbai,2024-09-17
25,Retail,Bangalore,2024-06-17
26,HNI,Pune,2024-05-07
27,Retail,Delhi,2024-03-14
28,Retail,Bangalore,2023-05-05
29,Retail,Chennai,2024-07-26
30,Retail,Hyderabad,2024-04-23
31,Retail,Delhi,2022-09-24
32,Retail,Delhi,2022-02-23
33,Retail,Chennai,2023-06-12
34,Institutional,Pune,2023-09-08
35,Institutional,Mumbai,2024-12-18
36,HNI,Hyderabad,2024-11-29
37,Retail,Delhi,2024-08-12
38,Retail,Hyderabad,2023-01-21
39,Retail,Delhi,2024-01-04
40,Retail,Hyderabad,2023-12-17
41,Retail,Bangalore,2023-10-12
42,Retail,Delhi,2022-10-27
43,Retail,Hyderabad,2023-01-30
44,Institutional,Mumbai,2023-08-16
45,Retail,Bangalore,2023-05-29
46,Retail,Bangalore,2023-01-31
47,Retail,Mumbai,2023-01-06
48,Retail,Hyderabad,2024-05-07
49,Retail,Chennai,2024-03-01
50,Retail,Mumbai,2023-10-20
51,Institutional,Hyderabad,2024-01-06
52,HNI,Mumbai,2023-01-19
53,Institutional,Mumbai,2022-03-03
54,HNI,Delhi,2023-05-20
55,Retail,Hyderabad,2022-08-27
56,Institutional,Chennai,2022-07-14
57,Retail,Delhi,2023-11-09
58,Retail,Mumbai,2022-03-02
59,Retail,Pune,2024-09-16
60,Retail,Mumbai,2023-11-16
61,Retail,Mumbai,2022-06-05
62,Retail,Hyderabad,2024-07-11
63,HNI,Hyderabad,2024-05-17
64,Retail,Delhi,2024-06-21
65,Retail,Chennai,2024-09-25
66,Retail,Delhi,2024-09-01
67,Retail,Bangalore,2023-01-23
68,HNI,Mumbai,2024-06-05
69,Retail,Pune,2024-04-17
70,Institutional,Mumbai,2022-12-06
71,HNI,Mumbai,2022-07-23
72,Retail,Delhi,2022-06-10
73,Retail,Pune,2023-01-27
74,HNI,Pune,2024-02-08
75,HNI,Pune,2023-07-29
76,HNI,Delhi,2023-06-18
77,HNI,Mumbai,2024-12-29
78,Retail,Delhi,2024-06-11
79,Retail,Hyderabad,2023-02-09
80,Retail,Hyderabad,2023-08-31
81,HNI,Delhi,2024-04-07
82,Retail,Pune,2023-11-21
83,Retail,Mumbai,2024-06-20
84,Retail,Delhi,2022-02-25
85,Retail,Delhi,2023-01-01
86,Retail,Delhi,2023-03-31
87,HNI,Bangalore,2022-04-14
88,Retail,Hyderabad,2022-03-18
89,HNI,Pune,2022-08-18
90,Retail,Chennai,2022-11-27
91,Retail,Pune,2024-06-11
92,HNI,Chennai,2023-11-19
93,HNI,Bangalore,2022-01-27
94,Retail,Delhi,2022-10-26
95,HNI,Bangalore,2024-08-14
96,Retail,Bangalore,2024-03-09
97,Retail,Mumbai,2023-04-25
98,Retail,Hyderabad,2023-07-27
99,Retail,Chennai,2023-04-03
100,Retail,Delhi,2022-12-31
101,Retail,Chennai,2024-05-08
102,Retail,Pune,2022-12-17
103,Retail,Chennai,2022-09-10
104,Retail,Pune,2024-02-20
105,Institutional,Hyderabad,2024-03-13
106,Retail,Pune,2024-10-08
107,Retail,Chennai,2023-04-04
108,HNI,Chennai,2024-07-05
109,Retail,Pune,2023-05-14
110,Retail,Bangalore,2024-08-07
111,Retail,Hyderabad,2023-05-23
112,Retail,Mumbai,2023-05-16
113,Institutional,Delhi,2024-03-13
114,HNI,Chennai,2023-08-21
115,Retail,Delhi,2022-06-15
116,HNI,Mumbai,2023-04-07
117,HNI,Delhi,2024-07-08
118,Retail,Mumbai,2022-04-24
119,HNI,Pune,2024-09-18
120,Retail,Bangalore,2022-07-26
121,HNI,Chennai,2023-05-30
122,HNI,Mumbai,2023-12-10
123,Retail,Delhi,2022-05-18
124,Retail,Chennai,2022-12-05
125,Retail,Bangalore,2023-06-21
126,Retail,Pune,2022-03-09
127,HNI,Chennai,2023-01-18
128,HNI,Mumbai,2022-01-19
129,Retail,Bangalore,2023-11-14
130,Retail,Delhi,2022-03-15
131,Retail,Bangalore,2023-07-27
132,Retail,Bangalore,2024-07-27
133,Retail,Hyderabad,2024-12-07
134,Retail,Bangalore,2022-07-30
135,Institutional,Bangalore,2024-05-04
136,Retail,Chennai,2023-10-13
137,Retail,Delhi,2024-09-20
138,HNI,Chennai,2023-11-26
139,Retail,Chennai,2023-06-24
140,Institutional,Mumbai,2024-06-19
141,Institutional,Chennai,2024-02-19
142,Retail,Hyderabad,2022-06-19
143,Retail,Hyderabad,2024-11-03
144,Retail,Mumbai,2022-10-15
145,Retail,Pune,2022-07-08
146,Retail,Delhi,2024-07-02
147,Retail,Delhi,2023-11-25
148,Retail,Chennai,2024-06-06
149,Retail,Chennai,2023-04-16
150,Retail,Pune,2022-10-04
151,Institutional,Chennai,2024-07-28
152,Retail,Delhi,2023-07-25
153,Retail,Bangalore,2024-05-06
154,Retail,Hyderabad,2024-09-27
155,Institutional,Bangalore,2023-04-03
156,Retail,Bangalore,2024-07-06
157,Retail,Delhi,2024-04-12
158,HNI,Bangalore,2024-12-23
159,Retail,Pune,2024-04-18
160,HNI,Mumbai,2022-07-12
161,Retail,Chennai,2023-09-08
162,Retail,Mumbai,2023-02-10
163,Retail,Hyderabad,2024-07-31
164,Retail,Chennai,2023-12-22
165,Retail,Bangalore,2022-04-03
166,HNI,Hyderabad,2023-03-06
167,Retail,Chennai,2023-10-16
168,Retail,Pune,2023-03-10
169,Retail,Pune,2023-01-10
170,Retail,Pune,2024-12-18
171,Retail,Pune,2024-12-02
172,Retail,Bangalore,2022-07-26
173,Retail,Mumbai,2024-02-19
174,Retail,Chennai,2023-06-16
175,Retail,Bangalore,2022-06-15
176,Retail,Pune,2023-10-05
177,Retail,Mumbai,2022-03-31
178,Retail,Hyderabad,2022-01-13
179,Institutional,Hyderabad,2024-08-30
180,Retail,Hyderabad,2024-03-15
181,Retail,Pune,2024-08-02
182,Retail,Hyderabad,2024-01-12
183,Institutional,Delhi,2024-05-25
184,HNI,Chennai,2023-10-22
185,Retail,Chennai,2024-10-28
186,Retail,Pune,2024-11-18
187,HNI,Delhi,2022-10-23
188,Retail,Bangalore,2024-09-12
189,Retail,Bangalore,2024-07-14
190,Retail,Hyderabad,2023-10-02
191,Retail,Mumbai,2022-12-06
192,HNI,Bangalore,2023-09-20
193,Institutional,Mumbai,2023-03-15
194,Retail,Chennai,2024-07-30
195,Retail,Mumbai,2024-04-09
196,Retail,Chennai,2023-06-03
197,HNI,Delhi,2024-09-02
198,HNI,Delhi,2024-12-04
199,HNI,Pune,2024-08-12
200,HNI,Pune,2024-08-09
201,Retail,Hyderabad,2024-08-01
202,Retail,Bangalore,2022-06-04
203,Retail,Hyderabad,2022-03-29
204,HNI,Chennai,2024-07-19
205,Retail,Hyderabad,2022-06-28
206,Retail,Mumbai,2022-07-31
207,Retail,Chennai,2023-04-10
208,Retail,Pune,2023-09-23
209,Retail,Delhi,2024-04-04
210,Retail,Pune,2023-08-30
211,Retail,Bangalore,2024-06-03
212,Retail,Chennai,2023-01-01
213,Retail,Chennai,2022-10-03
214,Retail,Mumbai,2023-01-15
215,HNI,Bangalore,2024-08-02
216,Retail,Delhi,2024-12-23
217,Retail,Chennai,2024-03-20
218,HNI,Chennai,2024-07-13
219,Retail,Mumbai,2023-05-09
220,HNI,Hyderabad,2024-12-30
221,Retail,Delhi,2022-12-30
222,Retail,Pune,2023-07-24
223,Retail,Bangalore,2024-02-02
224,Retail,Chennai,2022-10-03
225,Retail,Chennai,2022-02-19
226,Retail,Pune,2023-12-29
227,Institutional,Delhi,2024-06-24
228,Retail,Hyderabad,2024-07-16
229,HNI,Chennai,2023-07-18
230,Retail,Delhi,2024-02-22
231,HNI,Pune,2023-04-30
232,Retail,Mumbai,2023-08-07
233,Retail,Hyderabad,2022-08-24
234,Retail,Bangalore,2022-02-25
235,Retail,Chennai,2022-12-26
236,HNI,Delhi,2022-04-20
237,Retail,Mumbai,2022-07-11
238,Retail,Bangalore,2024-06-22
239,Retail,Delhi,2024-05-11
240,Retail,Delhi,2023-07-22
241,Institutional,Bangalore,2024-12-19
242,Institutional,Mumbai,2023-10-12
243,Institutional,Pune,2022-02-08
244,Retail,Mumbai,2024-12-08
245,Retail,Hyderabad,2023-09-29
246,Institutional,Chennai,2024-11-02
247,Retail,Bangalore,2022-02-05
248,Institutional,Pune,2022-04-11
249,Institutional,Bangalore,2022-06-15
250,HNI,Bangalore,2023-01-18
251,Retail,Mumbai,2024-02-29
252,Retail,Chennai,2022-01-31
253,HNI,Hyderabad,2022-01-11
254,Retail,Delhi,2022-04-06
255,Retail,Delhi,2023-03-29
256,Retail,Bangalore,2022-07-11
257,Institutional,Chennai,2023-05-01
258,Retail,Pune,2022-08-26
259,Retail,Mumbai,2024-12-24
260,Retail,Chennai,2024-01-05
261,Retail,Chennai,2024-09-17
262,Institutional,Mumbai,2024-04-04
263,Retail,Bangalore,2022-04-16
264,Retail,Chennai,2022-06-30
265,HNI,Delhi,2022-07-03
266,HNI,Mumbai,2022-08-14
267,Retail,Pune,2024-02-16
268,HNI,Hyderabad,2024-02-29
269,Retail,Bangalore,2023-11-19
270,Retail,Mumbai,2023-06-14
271,HNI,Hyderabad,2024-08-29
272,HNI,Hyderabad,2024-07-24
273,HNI,Pune,2022-04-16
274,Institutional,Chennai,2024-04-10
275,Retail,Pune,2023-11-10
276,Retail,Chennai,2024-04-28
277,HNI,Chennai,2024-11-21
278,Retail,Mumbai,2023-01-28
279,HNI,Mumbai,2022-02-09
280,HNI,Bangalore,2023-10-22
281,HNI,Chennai,2024-09-07
282,Retail,Hyderabad,2024-04-24
283,Retail,Delhi,2022-07-20
284,Retail,Bangalore,2023-03-23
285,Retail,Mumbai,2024-11-27
286,Retail,Pune,2023-03-20
287,Retail,Bangalore,2024-01-31
288,Retail,Bangalore,2022-08-15
289,Retail,Bangalore,2022-02-17
290,Retail,Bangalore,2024-11-07
291,Retail,Delhi,2024-06-30
292,Retail,Pune,2022-07-06
293,HNI,Pune,2022-12-11
294,Retail,Pune,2022-08-12
295,Retail,Chennai,2024-04-09
296,Retail,Hyderabad,2023-05-03
297,HNI,Pune,2024-05-26
298,Retail,Bangalore,2024-04-28
299,Retail,Bangalore,2024-09-05
300,Retail,Pune,2024-10-13
301,Retail,Pune,2022-07-07
302,Retail,Bangalore,2022-09-27
303,Retail,Chennai,2022-11-06
304,Retail,Mumbai,2024-12-31
305,HNI,Mumbai,2024-04-24
306,Institutional,Pune,2023-05-01
307,Retail,Delhi,2022-04-30
308,Retail,Pune,2022-08-08
309,HNI,Pune,2022-02-22
310,Retail,Mumbai,2024-01-28
311,Retail,Bangalore,2024-01-08
312,Retail,Pune,2023-12-21
313,Retail,Bangalore,2023-02-10
314,Institutional,Bangalore,2023-08-31
315,HNI,Delhi,2024-10-17
316,Retail,Bangalore,2023-02-26
317,Retail,Mumbai,2023-12-13
318,Retail,Chennai,2022-09-04
319,Retail,Chennai,2022-03-13
320,Retail,Hyderabad,2022-07-04
321,Retail,Pune,2022-01-06
322,HNI,Mumbai,2024-06-24
323,Retail,Bangalore,2023-01-22
324,Retail,Chennai,2023-11-30
325,Institutional,Mumbai,2024-04-06
326,HNI,Chennai,2022-12-15
327,Retail,Bangalore,2022-11-04
328,Retail,Chennai,2022-10-14
329,Retail,Pune,2024-02-05
330,Retail,Pune,2023-12-26
331,Retail,Hyderabad,2024-02-01
332,HNI,Hyderabad,2023-01-18
333,Retail,Chennai,2023-01-23
334,Retail,Mumbai,2023-06-09
335,Retail,Pune,2023-10-01
336,Retail,Mumbai,2024-07-26
337,HNI,Mumbai,2022-10-03
338,HNI,Chennai,2023-05-15
339,Retail,Mumbai,2023-12-18
340,Retail,Pune,2022-12-03
341,Retail,Bangalore,2024-07-20
342,Retail,Hyderabad,2023-04-26
343,Retail,Bangalore,2024-06-29
344,Retail,Mumbai,2024-12-17
345,Retail,Bangalore,2022-04-19
346,Retail,Pune,2022-11-24
347,Retail,Pune,2022-11-11
348,Retail,Mumbai,2023-11-30
349,Retail,Chennai,2024-02-20
350,Retail,Bangalore,2022-06-05
351,Retail,Chennai,2024-06-05
352,HNI,Chennai,2024-10-22
353,Retail,Delhi,2024-01-28
354,Retail,Mumbai,2023-12-23
355,Retail,Hyderabad,2024-07-01
356,Retail,Pune,2024-05-20
357,Retail,Pune,2022-01-13
358,Retail,Mumbai,2023-08-31
359,Institutional,Hyderabad,2023-05-13
360,Retail,Pune,2022-08-26
361,Retail,Mumbai,2024-02-20
362,Retail,Pune,2023-08-29
363,Retail,Chennai,2023-10-23
364,Retail,Bangalore,2024-04-28
365,Institutional,Bangalore,2024-07-24
366,Retail,Pune,2023-09-20
367,Institutional,Delhi,2022-05-23
368,Institutional,Hyderabad,2023-12-15
369,Retail,Hyderabad,2023-04-24
370,Retail,Hyderabad,2023-07-19
371,Retail,Chennai,2023-04-16
372,Retail,Hyderabad,2023-01-19
373,Retail,Bangalore,2024-07-14
374,Retail,Chennai,2023-02-21
375,Retail,Mumbai,2022-11-04
376,Retail,Hyderabad,2023-10-11
377,HNI,Hyderabad,2024-10-21
378,Retail,Mumbai,2024-12-03
379,HNI,Hyderabad,2024-01-09
380,Retail,Mumbai,2022-05-20
381,Retail,Chennai,2024-08-31
382,Retail,Bangalore,2024-10-13
383,Retail,Mumbai,2024-08-10
384,HNI,Delhi,2024-06-22
385,HNI,Mumbai,2022-03-13
386,HNI,Hyderabad,2022-04-17
387,Retail,Chennai,2024-12-01
388,Retail,Pune,2024-06-01
389,HNI,Chennai,2022-05-19
390,HNI,Pune,2023-09-07
391,Institutional,Mumbai,2024-05-12
392,Retail,Bangalore,2022-09-30
393,Retail,Delhi,2023-02-20
394,HNI,Chennai,2023-05-21
395,Retail,Hyderabad,2024-01-03
396,Institutional,Pune,2023-02-28
397,HNI,Hyderabad,2023-01-25
398,Retail,Bangalore,2022-12-08
399,HNI,Pune,2024-08-03
400,HNI,Chennai,2023-09-06
401,Retail,Mumbai,2023-05-08
402,Institutional,Hyderabad,2022-07-11
403,Retail,Bangalore,2023-05-14
404,HNI,Chennai,2024-04-01
405,Retail,Chennai,2022-08-15
406,HNI,Chennai,2022-05-19
407,Retail,Chennai,2024-05-05
408,Retail,Pune,2024-03-27
409,Institutional,Chennai,2024-12-22
410,Retail,Hyderabad,2022-04-14
411,Retail,Bangalore,2024-05-20
412,Institutional,Pune,2023-10-30
413,Institutional,Chennai,2022-09-30
414,Retail,Delhi,2024-10-26
415,Retail,Delhi,2022-07-03
416,Retail,Bangalore,2024-11-17
417,Retail,Mumbai,2022-10-20
418,Retail,Mumbai,2022-06-26
419,Retail,Pune,2022-02-27
420,HNI,Pune,2022-11-04
421,HNI,Pune,2024-09-03
422,HNI,Mumbai,2023-12-01
423,Retail,Delhi,2022-03-24
424,Retail,Mumbai,2022-09-09
425,Retail,Hyderabad,2024-03-06
426,Retail,Chennai,2024-06-15
427,Retail,Pune,2022-07-29
428,HNI,Delhi,2024-03-26
429,Retail,Bangalore,2023-09-01
430,Retail,Bangalore,2023-03-23
431,Retail,Chennai,2023-04-05
432,HNI,Delhi,2024-08-25
433,Retail,Mumbai,2023-04-17
434,Retail,Mumbai,2023-01-05
435,Retail,Hyderabad,2024-06-18
436,HNI,Hyderabad,2024-07-11
437,Retail,Mumbai,2022-05-17
438,HNI,Bangalore,2023-01-02
439,HNI,Pune,2024-06-30
440,Retail,Bangalore,2022-07-03
441,Retail,Hyderabad,2023-04-17
442,Institutional,Chennai,2023-10-16
443,Retail,Mumbai,2024-01-19
444,Retail,Hyderabad,2023-06-21
445,HNI,Hyderabad,2024-03-12
446,Institutional,Pune,2024-07-08
447,Institutional,Mumbai,2023-05-25
448,HNI,Pune,2023-09-22
449,Retail,Mumbai,2024-09-28
450,Retail,Pune,2024-07-04
451,HNI,Bangalore,2024-10-30
452,Retail,Chennai,2022-06-01
453,Retail,Chennai,2024-10-25
454,Institutional,Mumbai,2023-04-09
455,Retail,Delhi,2022-09-28
456,Retail,Hyderabad,2023-04-05
457,Retail,Hyderabad,2022-04-15
458,Retail,Mumbai,2022-06-11
459,Retail,Pune,2022-12-17
460,Retail,Delhi,2023-03-10
461,Retail,Bangalore,2024-05-01
462,Retail,Pune,2022-05-20
463,HNI,Pune,2022-03-28
464,Retail,Mumbai,2022-07-02
465,Institutional,Mumbai,2023-01-03
466,Retail,Hyderabad,2022-05-09
467,Retail,Mumbai,2023-11-01
468,HNI,Mumbai,2022-05-29
469,Retail,Mumbai,2024-09-11
470,Institutional,Hyderabad,2024-05-01
471,Retail,Bangalore,2023-09-20
472,Institutional,Bangalore,2023-03-22
473,Retail,Mumbai,2024-06-02
474,HNI,Hyderabad,2022-10-21
475,Retail,Bangalore,2022-09-07
476,Institutional,Pune,2024-05-27
477,Retail,Bangalore,2024-08-05
478,Retail,Bangalore,2024-09-01
479,Institutional,Hyderabad,2024-11-14
480,Retail,Pune,2024-02-28
481,Retail,Hyderabad,2024-09-10
482,Retail,Mumbai,2024-06-07
483,Retail,Chennai,2024-06-08
484,Retail,Bangalore,2022-03-11
485,Retail,Chennai,2023-09-17
486,Institutional,Hyderabad,2024-05-24
487,Retail,Hyderabad,2023-04-16
488,Retail,Hyderabad,2022-04-01
489,Institutional,Chennai,2023-06-14
490,HNI,Hyderabad,2023-10-23
491,Retail,Mumbai,2024-01-09
492,Retail,Hyderabad,2023-12-27
493,Retail,Delhi,2024-05-21
494,Retail,Chennai,2022-07-11
495,Retail,Delhi,2022-05-18
496,Retail,Hyderabad,2022-12-11
497,Retail,Mumbai,2024-10-05
498,Retail,Bangalore,2023-05-18
499,Institutional,Pune,2022-07-22
500,Institutional,Pune,2023-07-27
501,Retail,Hyderabad,2022-07-11
502,Retail,Mumbai,2022-01-05
503,Retail,Chennai,2022-11-07
504,HNI,Delhi,2023-07-03
505,Retail,Delhi,2022-02-25
506,Retail,Delhi,2023-03-19
507,Institutional,Chennai,2024-05-19
508,HNI,Pune,2023-08-08
509,Institutional,Mumbai,2024-01-22
510,HNI,Chennai,2022-12-26
511,Retail,Delhi,2024-03-29
512,Retail,Hyderabad,2022-01-30
513,Institutional,Bangalore,2022-04-18
514,HNI,Chennai,2024-04-23
515,Retail,Chennai,2023-12-18
516,Retail,Mumbai,2024-06-09
517,Retail,Mumbai,2024-08-17
518,HNI,Chennai,2024-06-11
519,Institutional,Delhi,2024-01-02
520,Retail,Bangalore,2023-08-29
521,Retail,Mumbai,2023-04-02
522,Retail,Delhi,2023-09-07
523,Institutional,Hyderabad,2023-11-29
524,HNI,Mumbai,2023-11-05
525,HNI,Delhi,2023-06-27
526,Retail,Delhi,2024-05-06
527,Retail,Bangalore,2024-06-15
528,Retail,Bangalore,2022-10-05
529,Retail,Hyderabad,2023-07-06
530,HNI,Delhi,2022-04-21
531,HNI,Pune,2023-01-20
532,Institutional,Delhi,2024-01-31
533,Institutional,Bangalore,2023-11-25
534,Retail,Pune,2023-02-09
535,HNI,Mumbai,2022-01-22
536,Institutional,Mumbai,2023-11-09
537,HNI,Chennai,2023-09-03
538,Retail,Bangalore,2022-01-08
539,Retail,Chennai,2023-12-03
540,Retail,Pune,2023-06-13
541,Institutional,Bangalore,2023-08-25
542,Retail,Hyderabad,2023-10-19
543,Retail,Delhi,2022-06-15
544,Retail,Hyderabad,2024-04-28
545,Retail,Pune,2023-05-11
546,Retail,Bangalore,2023-08-13
547,Retail,Pune,2023-03-05
548,Retail,Delhi,2024-02-13
549,Retail,Mumbai,2022-06-12
550,HNI,Mumbai,2023-01-01
551,Retail,Pune,2022-03-13
552,HNI,Chennai,2023-10-17
553,Retail,Bangalore,2022-09-26
554,Retail,Bangalore,2023-02-19
555,HNI,Mumbai,2024-10-12
556,Retail,Hyderabad,2023-11-06
557,Retail,Delhi,2024-12-19
558,Retail,Hyderabad,2022-01-06
559,HNI,Hyderabad,2024-09-08
560,Retail,Pune,2023-07-24
561,HNI,Mumbai,2023-02-11
562,Retail,Mumbai,2022-01-26
563,Retail,Mumbai,2024-10-25
564,Retail,Pune,2024-09-12
565,Retail,Chennai,2023-01-25
566,Retail,Hyderabad,2023-12-11
567,Retail,Pune,2023-07-25
568,Retail,Bangalore,2024-01-24
569,Institutional,Delhi,2022-05-26
570,Retail,Chennai,2024-02-24
571,Retail,Bangalore,2023-06-10
572,HNI,Hyderabad,2022-01-13
573,Retail,Mumbai,2024-06-21
574,Retail,Hyderabad,2023-01-19
575,HNI,Pune,2023-07-10
576,Institutional,Delhi,2024-06-05
577,Retail,Pune,2022-01-19
578,Institutional,Chennai,2023-07-29
579,Retail,Chennai,2024-01-21
580,Retail,Delhi,2024-09-30
581,Retail,Bangalore,2023-02-23
582,Institutional,Bangalore,2023-02-23
583,Retail,Chennai,2022-05-02
584,Retail,Chennai,2023-03-08
585,Retail,Mumbai,2022-02-13
586,Retail,Bangalore,2023-01-16
587,Retail,Delhi,2022-05-25
588,Retail,Bangalore,2022-12-29
589,Retail,Mumbai,2024-12-09
590,Retail,Pune,2024-12-24
591,Retail,Chennai,2022-12-21
592,Retail,Chennai,2024-03-10
593,Retail,Mumbai,2024-04-05
594,Retail,Delhi,2023-02-02
595,HNI,Chennai,2024-05-29
596,Retail,Hyderabad,2023-04-08
597,Retail,Chennai,2024-03-18
598,Retail,Hyderabad,2022-07-06
599,Retail,Mumbai,2024-01-02
600,Retail,Mumbai,2023-03-05
601,Retail,Chennai,2024-05-07
602,Retail,Bangalore,2022-08-25
603,Retail,Hyderabad,2024-02-10
604,Retail,Delhi,2024-01-28
605,Retail,Chennai,2022-05-16
606,Retail,Delhi,2024-03-02
607,Retail,Chennai,2022-06-20
608,Retail,Bangalore,2022-06-08
609,Retail,Bangalore,2022-07-20
610,Retail,Bangalore,2024-08-19
611,Retail,Pune,2023-08-06
612,HNI,Bangalore,2024-05-25
613,Retail,Mumbai,2023-01-06
614,Retail,Mumbai,2022-04-13
615,HNI,Pune,2024-09-28
616,Institutional,Hyderabad,2024-09-02
617,Retail,Delhi,2024-03-08
618,Retail,Chennai,2023-10-20
619,HNI,Chennai,2024-05-31
620,HNI,Pune,2024-01-03
621,Retail,Mumbai,2023-02-27
622,Retail,Chennai,2023-07-26
623,Retail,Mumbai,2022-06-20
624,Retail,Hyderabad,2022-06-22
625,Retail,Delhi,2023-10-25
626,Retail,Hyderabad,2023-03-29
627,Retail,Pune,2022-12-16
628,HNI,Bangalore,2023-05-09
629,Retail,Bangalore,2023-09-12
630,Retail,Bangalore,2024-10-24
631,HNI,Hyderabad,2024-07-07
632,HNI,Chennai,2022-01-06
633,Retail,Delhi,2022-10-15
634,Retail,Bangalore,2023-08-31
635,Retail,Pune,2023-04-02
636,Retail,Pune,2024-10-26
637,Retail,Bangalore,2023-09-16
638,Retail,Bangalore,2023-01-11
639,Retail,Delhi,2023-03-23
640,Retail,Bangalore,2024-04-14
641,Retail,Delhi,2024-03-21
642,Retail,Pune,2024-08-16
643,Retail,Bangalore,2024-04-28
644,Retail,Hyderabad,2024-03-19
645,Retail,Hyderabad,2024-09-05
646,HNI,Pune,2023-02-20
647,Retail,Delhi,2023-12-27
648,Retail,Hyderabad,2023-03-30
649,HNI,Delhi,2022-05-30
650,Retail,Hyderabad,2024-01-29
651,Retail,Hyderabad,2024-02-18
652,Retail,Delhi,2024-08-30
653,Retail,Chennai,2024-02-02
654,HNI,Hyderabad,2024-09-28
655,Retail,Bangalore,2022-03-17
656,Retail,Pune,2023-08-22
657,Retail,Chennai,2022-08-13
658,Retail,Delhi,2022-04-23
659,Retail,Chennai,2022-09-08
660,Retail,Mumbai,2024-04-20
661,Retail,Mumbai,2023-12-15
662,Institutional,Hyderabad,2022-05-05
663,Retail,Hyderabad,2024-12-28
664,Retail,Bangalore,2024-12-06
665,Retail,Pune,2024-06-02
666,Retail,Chennai,2022-01-30
667,Retail,Mumbai,2022-10-08
668,Retail,Hyderabad,2024-07-12
669,Retail,Pune,2023-01-03
670,Retail,Chennai,2023-05-10
671,Retail,Hyderabad,2024-11-14
672,HNI,Hyderabad,2023-12-19
673,Retail,Mumbai,2024-10-13
674,Retail,Mumbai,2023-08-29
675,Retail,Hyderabad,2023-01-10
676,Institutional,Delhi,2023-10-01
677,Retail,Hyderabad,2024-11-14
678,Retail,Pune,2022-04-26
679,Institutional,Hyderabad,2022-02-17
680,HNI,Bangalore,2022-04-09
681,HNI,Bangalore,2023-02-09
682,Retail,Bangalore,2023-11-16
683,Retail,Delhi,2024-06-21
684,Retail,Delhi,2023-05-18
685,Institutional,Hyderabad,2024-06-12
686,Retail,Bangalore,2022-09-15
687,Retail,Delhi,2024-04-23
688,Retail,Mumbai,2022-05-01
689,HNI,Hyderabad,2024-03-20
690,Retail,Pune,2024-09-04
691,Retail,Chennai,2022-02-23
692,Retail,Hyderabad,2024-10-15
693,Retail,Chennai,2024-02-23
694,Retail,Bangalore,2022-08-29
695,Retail,Chennai,2023-04-28
696,Retail,Bangalore,2024-10-09
697,Retail,Mumbai,2022-07-06
698,Retail,Chennai,2023-10-18
699,Retail,Hyderabad,2022-09-19
700,Retail,Bangalore,2024-08-10
701,Retail,Hyderabad,2023-05-06
702,Retail,Delhi,2023-03-07
703,Retail,Bangalore,2022-08-27
704,Retail,Chennai,2022-10-31
705,Retail,Bangalore,2022-10-25
706,Institutional,Hyderabad,2022-03-17
707,Retail,Mumbai,2024-09-25
708,HNI,Bangalore,2023-10-04
709,Retail,Chennai,2024-04-06
710,Retail,Delhi,2022-10-10
711,HNI,Pune,2023-08-14
712,Retail,Mumbai,2022-03-13
713,Retail,Delhi,2023-12-04
714,Retail,Bangalore,2023-07-29
715,Retail,Hyderabad,2024-09-26
716,Institutional,Hyderabad,2024-06-10
717,HNI,Chennai,2022-01-12
718,Institutional,Hyderabad,2022-05-21
719,Retail,Mumbai,2022-01-17
720,HNI,Hyderabad,2024-12-22
721,Institutional,Chennai,2022-09-10
722,Retail,Pune,2023-04-10
723,Retail,Bangalore,2023-01-11
724,HNI,Bangalore,2024-09-07
725,Retail,Hyderabad,2023-06-04
726,HNI,Delhi,2022-03-31
727,Retail,Bangalore,2023-12-21
728,HNI,Pune,2024-03-14
729,Retail,Hyderabad,2024-03-06
730,Retail,Chennai,2023-09-22
731,Retail,Pune,2022-03-17
732,HNI,Hyderabad,2024-07-14
733,Retail,Pune,2023-02-04
734,Retail,Bangalore,2024-08-27
735,Retail,Chennai,2024-12-30
736,HNI,Hyderabad,2024-03-07
737,Retail,Mumbai,2022-07-14
738,HNI,Chennai,2022-08-16
739,Retail,Mumbai,2023-04-06
740,Retail,Pune,2023-09-10
741,Retail,Delhi,2024-11-10
742,Retail,Chennai,2022-03-05
743,HNI,Pune,2022-06-14
744,Retail,Mumbai,2022-01-27
745,Retail,Bangalore,2024-10-08
746,HNI,Bangalore,2022-10-12
747,Retail,Delhi,2022-10-08
748,Retail,Chennai,2024-04-17
749,Institutional,Chennai,2024-04-10
750,Retail,Chennai,2024-07-06
751,Retail,Pune,2022-08-12
752,Institutional,Delhi,2024-02-23
753,Retail,Chennai,2024-08-22
754,Retail,Pune,2024-08-07
755,Retail,Bangalore,2024-11-19
756,HNI,Mumbai,2022-02-14
757,Retail,Pune,2023-04-16
758,Retail,Bangalore,2022-02-03
759,HNI,Bangalore,2023-10-15
760,HNI,Mumbai,2024-04-09
761,Retail,Bangalore,2022-08-09
762,Retail,Delhi,2023-06-18
763,Retail,Mumbai,2023-11-23
764,HNI,Bangalore,2024-07-20
765,Retail,Hyderabad,2024-04-20
766,Retail,Pune,2024-10-07
767,HNI,Bangalore,2023-08-05
768,HNI,Delhi,2022-08-27
769,Retail,Chennai,2023-03-17
770,HNI,Bangalore,2022-05-28
771,Retail,Chennai,2024-10-29
772,HNI,Hyderabad,2023-01-23
773,Retail,Bangalore,2024-12-09
774,Retail,Mumbai,2024-07-04
775,HNI,Chennai,2023-09-30
776,Retail,Hyderabad,2022-10-05
777,Retail,Mumbai,2024-09-15
778,HNI,Mumbai,2023-08-12
779,HNI,Mumbai,2023-10-11
780,Retail,Mumbai,2023-09-10
781,Retail,Bangalore,2022-05-15
782,Retail,Pune,2023-08-03
783,Retail,Bangalore,2023-05-05
784,Retail,Bangalore,2023-04-23
785,Retail,Hyderabad,2023-01-19
786,Institutional,Hyderabad,2022-06-12
787,Retail,Pune,2023-03-17
788,Retail,Hyderabad,2023-02-19
789,Retail,Delhi,2022-10-15
790,Institutional,Pune,2022-07-06
791,Retail,Hyderabad,2022-05-10
792,Retail,Pune,2022-07-13
793,Retail,Bangalore,2022-11-12
794,Retail,Bangalore,2022-05-24
795,Retail,Pune,2022-01-16
796,HNI,Delhi,2023-02-27
797,Institutional,Delhi,2022-09-02
798,Retail,Pune,2024-07-15
799,Retail,Hyderabad,2022-05-09
800,Institutional,Chennai,2024-06-25
801,HNI,Delhi,2024-06-05
802,Retail,Mumbai,2022-12-07
803,Retail,Bangalore,2022-01-04
804,Retail,Pune,2022-11-02
805,Retail,Mumbai,2024-06-26
806,HNI,Pune,2023-08-30
807,Institutional,Bangalore,2024-09-18
808,Institutional,Bangalore,2022-11-17
809,Retail,Delhi,2023-07-13
810,Retail,Delhi,2023-09-10
811,Institutional,Mumbai,2023-12-12
812,HNI,Pune,2023-06-15
813,Retail,Bangalore,2023-02-14
814,Institutional,Mumbai,2024-03-28
815,HNI,Chennai,2023-05-08
816,Retail,Mumbai,2022-01-12
817,Retail,Hyderabad,2022-07-14
818,Retail,Mumbai,2023-05-05
819,Retail,Hyderabad,2024-03-05
820,Retail,Hyderabad,2024-05-30
821,HNI,Hyderabad,2022-07-01
822,Retail,Chennai,2024-08-19
823,Retail,Mumbai,2023-10-18
824,Retail,Mumbai,2023-11-25
825,Retail,Chennai,2022-01-30
826,Institutional,Bangalore,2024-02-17
827,Retail,Delhi,2023-03-20
828,Retail,Mumbai,2022-10-25
829,HNI,Delhi,2024-03-18
830,Retail,Pune,2024-04-24
831,Retail,Pune,2024-10-12
832,Retail,Chennai,2023-07-08
833,Retail,Pune,2022-10-30
834,Retail,Pune,2023-02-25
835,Retail,Bangalore,2022-07-04
836,Retail,Bangalore,2023-04-13
837,Institutional,Bangalore,2024-01-24
838,Retail,Pune,2022-12-29
839,Retail,Chennai,2022-12-02
840,Retail,Hyderabad,2022-06-11
841,Retail,Hyderabad,2022-01-12
842,Retail,Delhi,2023-08-11
843,Retail,Hyderabad,2022-07-20
844,Institutional,Hyderabad,2023-06-06
845,Retail,Bangalore,2023-05-20
846,Retail,Bangalore,2024-02-27
847,Retail,Pune,2024-11-28
848,Institutional,Delhi,2022-03-01
849,Retail,Mumbai,2023-08-01
850,Retail,Delhi,2022-11-17
851,Retail,Delhi,2024-07-11
852,HNI,Chennai,2023-07-23
853,Retail,Pune,2023-06-11
854,HNI,Chennai,2023-06-08
855,Retail,Delhi,2023-09-05
856,Retail,Delhi,2022-05-05
857,Retail,Delhi,2024-05-20
858,Retail,Hyderabad,2022-10-07
859,Retail,Chennai,2024-07-05
860,Retail,Delhi,2023-09-14
861,HNI,Bangalore,2024-04-25
862,Retail,Pune,2023-11-05
863,Retail,Pune,2022-11-10
864,Retail,Bangalore,2022-11-28
865,Retail,Pune,2022-02-05
866,Retail,Hyderabad,2024-11-11
867,Retail,Hyderabad,2022-07-25
868,Retail,Mumbai,2023-10-01
869,HNI,Mumbai,2024-04-27
870,Institutional,Mumbai,2023-03-16
871,Retail,Pune,2023-12-30
872,Retail,Hyderabad,2024-07-29
873,Retail,Hyderabad,2022-06-13
874,Retail,Hyderabad,2022-05-28
875,Retail,Bangalore,2022-10-21
876,Retail,Hyderabad,2022-07-14
877,HNI,Bangalore,2023-10-25
878,Retail,Mumbai,2023-04-25
879,Retail,Mumbai,2022-05-03
880,Retail,Pune,2023-11-30
881,Retail,Mumbai,2024-08-22
882,Retail,Pune,2023-10-23
883,Retail,Delhi,2023-12-11
884,Retail,Delhi,2023-01-31
885,HNI,Chennai,2024-06-30
886,Retail,Pune,2024-10-01
887,Retail,Chennai,2022-11-13
888,Retail,Chennai,2023-11-12
889,Retail,Delhi,2023-05-10
890,Retail,Pune,2023-07-10
891,HNI,Delhi,2023-09-02
892,HNI,Chennai,2022-04-19
893,HNI,Pune,2023-01-07
894,Retail,Chennai,2024-05-04
895,Retail,Hyderabad,2023-09-08
896,Retail,Pune,2024-02-07
897,Retail,Pune,2022-07-25
898,HNI,Chennai,2024-04-26
899,Retail,Hyderabad,2022-02-12
900,Retail,Bangalore,2024-05-14
901,Retail,Delhi,2024-02-24
902,Retail,Chennai,2023-04-21
903,Retail,Pune,2022-03-24
904,Retail,Delhi,2022-07-09
905,Retail,Delhi,2024-03-10
906,HNI,Delhi,2024-07-24
907,HNI,Bangalore,2022-09-08
908,Retail,Mumbai,2022-10-18
909,Retail,Chennai,2022-11-22
910,Retail,Mumbai,2024-04-16
911,Retail,Mumbai,2023-05-23
912,Retail,Mumbai,2024-01-01
913,Retail,Delhi,2022-03-13
914,Retail,Hyderabad,2023-10-03
915,Retail,Delhi,2024-07-28
916,Retail,Delhi,2023-08-31
917,Retail,Pune,2023-07-20
918,Institutional,Pune,2022-02-23
919,HNI,Mumbai,2023-06-12
920,Retail,Delhi,2023-09-03
921,HNI,Mumbai,2022-07-12
922,Retail,Pune,2022-02-27
923,HNI,Hyderabad,2022-05-09
924,HNI,Chennai,2023-12-07
925,Retail,Mumbai,2024-05-01
926,Retail,Hyderabad,2022-01-08
927,Retail,Chennai,2022-01-29
928,Retail,Bangalore,2024-08-04
929,Retail,Mumbai,2022-05-11
930,Retail,Mumbai,2022-07-07
931,Retail,Bangalore,2023-12-10
932,HNI,Bangalore,2022-07-31
933,Institutional,Mumbai,2022-10-03
934,Retail,Bangalore,2022-08-31
935,Retail,Delhi,2024-09-13
936,Retail,Chennai,2023-11-16
937,Retail,Chennai,2022-06-20
938,Institutional,Chennai,2023-10-15
939,Retail,Delhi,2022-07-07
940,Retail,Bangalore,2022-02-21
941,Retail,Hyderabad,2022-04-21
942,Retail,Bangalore,2024-05-26
943,Retail,Mumbai,2024-12-02
944,HNI,Pune,2022-07-30
945,Retail,Chennai,2024-05-07
946,Retail,Bangalore,2023-09-19
947,Retail,Hyderabad,2024-11-15
948,Institutional,Mumbai,2022-10-26
949,HNI,Delhi,2024-07-12
950,Retail,Delhi,2022-05-17
951,Retail,Hyderabad,2024-11-09
952,Retail,Mumbai,2023-03-16
953,Retail,Chennai,2022-07-30
954,Institutional,Bangalore,2024-01-22
955,Retail,Mumbai,2023-03-11
956,Retail,Delhi,2024-02-19
957,Retail,Hyderabad,2023-03-15
958,Retail,Hyderabad,2023-10-28
959,Retail,Bangalore,2024-12-01
960,HNI,Hyderabad,2023-02-15
961,Retail,Hyderabad,2024-03-16
962,Retail,Mumbai,2023-09-02
963,Retail,Chennai,2023-03-03
964,Retail,Bangalore,2024-06-20
965,Retail,Mumbai,2024-07-30
966,Retail,Chennai,2024-01-12
967,HNI,Mumbai,2022-11-24
968,Retail,Pune,2022-02-21
969,Retail,Mumbai,2023-01-11
970,Retail,Hyderabad,2022-09-20
971,Retail,Chennai,2022-09-24
972,Institutional,Bangalore,2022-12-25
973,HNI,Bangalore,2023-10-14
974,Retail,Chennai,2022-02-15
975,Retail,Hyderabad,2023-08-23
976,Retail,Delhi,2023-12-21
977,Retail,Mumbai,2023-08-24
978,Retail,Hyderabad,2023-01-16
979,Retail,Pune,2022-04-28
980,Retail,Chennai,2022-04-26
981,Retail,Mumbai,2022-09-17
982,HNI,Bangalore,2022-11-01
983,Retail,Delhi,2022-01-07
984,Retail,Pune,2023-01-01
985,HNI,Bangalore,2023-06-07
986,Retail,Chennai,2023-03-05
987,Retail,Mumbai,2024-03-01
988,Retail,Chennai,2024-01-17
989,Retail,Mumbai,2023-01-02
990,HNI,Hyderabad,2022-11-09
991,HNI,Delhi,2023-06-22
992,Retail,Hyderabad,2024-07-09
993,Retail,Hyderabad,2024-12-13
994,Retail,Chennai,2024-05-14
995,Retail,Delhi,2024-02-21
996,Retail,Mumbai,2022-11-30
997,Institutional,Mumbai,2024-03-08
998,Retail,Pune,2022-12-14
999,Institutional,Bangalore,2022-09-30
1000,Retail,Pune,2024-08-20
1001,Retail,Pune,2023-12-21
1002,Retail,Mumbai,2023-05-15
1003,HNI,Chennai,2023-11-16
1004,HNI,Hyderabad,2022-03-20
1005,HNI,Hyderabad,2023-09-14
1006,Retail,Hyderabad,2024-08-04
1007,Retail,Delhi,2022-12-24
1008,HNI,Mumbai,2023-09-10
1009,Retail,Chennai,2023-05-22
1010,Retail,Delhi,2023-07-30
1011,Retail,Bangalore,2022-09-01
1012,Institutional,Chennai,2023-05-21
1013,Institutional,Pune,2023-02-26
1014,Retail,Chennai,2022-08-05
1015,HNI,Chennai,2024-10-05
1016,Institutional,Hyderabad,2022-11-26
1017,Retail,Chennai,2023-10-12
1018,Retail,Pune,2023-01-26
1019,Institutional,Pune,2023-01-16
1020,Retail,Mumbai,2024-01-12
1021,Retail,Chennai,2024-03-30
1022,Retail,Hyderabad,2023-11-04
1023,Institutional,Chennai,2023-05-28
1024,Institutional,Bangalore,2024-08-06
1025,Institutional,Bangalore,2024-07-18
1026,Retail,Hyderabad,2024-07-01
1027,HNI,Mumbai,2023-10-06
1028,HNI,Mumbai,2023-03-03
1029,Retail,Pune,2023-05-17
1030,HNI,Pune,2023-12-31
1031,Retail,Delhi,2022-03-12
1032,Retail,Hyderabad,2023-04-23
1033,Retail,Chennai,2023-04-02
1034,Retail,Hyderabad,2022-07-08
1035,Retail,Delhi,2022-10-18
1036,Retail,Pune,2024-07-08
1037,Retail,Hyderabad,2022-10-19
1038,HNI,Hyderabad,2024-01-26
1039,Retail,Pune,2023-01-12
1040,Retail,Delhi,2023-05-23
1041,Retail,Pune,2023-06-12
1042,HNI,Mumbai,2023-07-13
1043,Retail,Chennai,2024-11-20
1044,Retail,Pune,2022-09-17
1045,HNI,Delhi,2023-02-25
1046,Retail,Bangalore,2022-10-31
1047,Retail,Mumbai,2024-07-30
1048,Retail,Bangalore,2024-11-28
1049,HNI,Pune,2023-06-26
1050,Retail,Mumbai,2024-12-25
1051,HNI,Chennai,2022-04-18
1052,Retail,Pune,2022-09-25
1053,Institutional,Chennai,2022-08-10
1054,HNI,Hyderabad,2023-11-24
1055,Institutional,Bangalore,2022-09-12
1056,Retail,Mumbai,2022-09-10
1057,HNI,Chennai,2022-09-14
1058,Retail,Delhi,2023-01-18
1059,Retail,Chennai,2023-03-18
1060,Retail,Delhi,2023-08-22
1061,HNI,Pune,2023-01-25
1062,Institutional,Mumbai,2023-08-05
1063,HNI,Chennai,2024-12-03
1064,Retail,Chennai,2023-08-21
1065,Retail,Mumbai,2022-01-19
1066,HNI,Chennai,2023-08-30
1067,Retail,Delhi,2022-02-02
1068,Retail,Chennai,2024-05-11
1069,Retail,Bangalore,2022-06-04
1070,Retail,Pune,2024-06-23
1071,Retail,Hyderabad,2023-02-09
1072,Retail,Delhi,2024-04-23
1073,Retail,Bangalore,2024-01-17
1074,Retail,Pune,2022-09-28
1075,Institutional,Mumbai,2024-02-09
1076,Retail,Delhi,2022-06-21
1077,Retail,Hyderabad,2022-10-01
1078,Retail,Pune,2022-09-16
1079,Retail,Hyderabad,2023-02-26
1080,Institutional,Mumbai,2022-12-30
1081,HNI,Mumbai,2023-01-13
1082,Retail,Delhi,2023-08-03
1083,Retail,Chennai,2024-06-09
1084,HNI,Mumbai,2023-12-23
1085,Institutional,Pune,2024-05-30
1086,Retail,Chennai,2023-08-28
1087,Retail,Bangalore,2022-01-22
1088,Retail,Hyderabad,2023-01-18
1089,Institutional,Chennai,2022-05-14
1090,Retail,Hyderabad,2024-11-14
1091,Institutional,Chennai,2023-05-18
1092,Retail,Bangalore,2022-05-24
1093,Retail,Mumbai,2022-08-12
1094,Retail,Bangalore,2022-08-08
1095,Retail,Mumbai,2022-06-28
1096,Retail,Mumbai,2023-03-09
1097,Retail,Hyderabad,2022-09-22
1098,Retail,Pune,2024-08-11
1099,HNI,Bangalore,2023-03-05
1100,Retail,Chennai,2023-02-20
1101,Retail,Bangalore,2023-12-28
1102,Institutional,Hyderabad,2022-07-16
1103,HNI,Mumbai,2024-12-12
1104,Institutional,Hyderabad,2023-04-25
1105,Institutional,Delhi,2024-06-08
1106,Retail,Delhi,2024-07-13
1107,Retail,Chennai,2022-05-03
1108,HNI,Hyderabad,2024-02-17
1109,Retail,Chennai,2022-12-14
1110,Retail,Chennai,2022-01-29
1111,HNI,Delhi,2024-09-01
1112,Retail,Chennai,2022-02-04
1113,Retail,Delhi,2023-09-15
1114,Retail,Mumbai,2023-08-12
1115,Retail,Hyderabad,2024-12-26
1116,Retail,Chennai,2024-06-22
1117,Retail,Delhi,2023-06-04
1118,HNI,Bangalore,2022-05-02
1119,Retail,Chennai,2022-12-06
1120,Retail,Pune,2022-06-24
1121,HNI,Mumbai,2023-08-20
1122,Institutional,Mumbai,2023-03-27
1123,HNI,Bangalore,2023-07-11
1124,HNI,Delhi,2024-11-05
1125,Retail,Chennai,2022-01-09
1126,Retail,Delhi,2022-11-30
1127,Retail,Mumbai,2024-10-13
1128,Retail,Delhi,2022-11-23
1129,Retail,Mumbai,2022-01-15
1130,Retail,Delhi,2024-04-18
1131,HNI,Bangalore,2022-08-14
1132,Retail,Hyderabad,2022-04-23
1133,Retail,Bangalore,2022-01-01
1134,Retail,Bangalore,2022-09-23
1135,Retail,Hyderabad,2024-08-09
1136,Retail,Hyderabad,2022-11-02
1137,HNI,Chennai,2022-01-12
1138,Retail,Chennai,2024-07-25
1139,Retail,Bangalore,2023-02-24
1140,Retail,Bangalore,2024-06-07
1141,HNI,Mumbai,2022-06-20
1142,Retail,Mumbai,2022-05-14
1143,Retail,Chennai,2024-08-22
1144,Retail,Pune,2024-11-14
1145,Retail,Pune,2023-10-20
1146,HNI,Chennai,2022-06-28
1147,HNI,Mumbai,2024-12-15
1148,Retail,Mumbai,2022-04-21
1149,HNI,Pune,2022-05-17
1150,HNI,Delhi,2022-08-20
1151,HNI,Delhi,2024-09-18
1152,HNI,Mumbai,2023-04-13
1153,Retail,Delhi,2024-01-02
1154,Retail,Hyderabad,2023-04-26
1155,Retail,Chennai,2024-12-27
1156,HNI,Chennai,2024-03-24
1157,Retail,Mumbai,2024-09-20
1158,HNI,Bangalore,2022-11-19
1159,HNI,Pune,2024-07-10
1160,Retail,Mumbai,2024-06-22
1161,HNI,Delhi,2023-08-29
1162,Retail,Pune,2023-03-05
1163,Retail,Bangalore,2022-05-28
1164,HNI,Delhi,2024-04-29
1165,Retail,Hyderabad,2023-01-02
1166,HNI,Delhi,2024-04-29
1167,HNI,Hyderabad,2024-12-25
1168,Retail,Pune,2024-03-23
1169,Retail,Hyderabad,2022-06-24
1170,Retail,Pune,2023-08-11
1171,Retail,Pune,2023-05-10
1172,Institutional,Pune,2024-08-30
1173,Retail,Pune,2022-02-04
1174,Retail,Pune,2024-09-25
1175,Retail,Delhi,2023-06-22
1176,Retail,Pune,2024-01-20
1177,HNI,Delhi,2024-11-03
1178,Retail,Pune,2023-01-09
1179,HNI,Hyderabad,2023-07-11
1180,Retail,Pune,2022-08-21
1181,Institutional,Bangalore,2023-12-06
1182,Retail,Pune,2023-07-17
1183,Retail,Pune,2024-07-27
1184,Institutional,Hyderabad,2024-06-05
1185,Retail,Chennai,2023-12-27
1186,Institutional,Hyderabad,2022-03-17
1187,Retail,Bangalore,2023-03-15
1188,Retail,Chennai,2023-11-30
1189,Retail,Mumbai,2024-07-03
1190,HNI,Mumbai,2024-06-09
1191,Retail,Bangalore,2023-11-23
1192,Retail,Hyderabad,2022-09-10
1193,Retail,Delhi,2024-11-26
1194,Retail,Bangalore,2023-02-14
1195,Retail,Chennai,2022-05-07
1196,HNI,Chennai,2023-08-15
1197,Institutional,Pune,2022-10-21
1198,Institutional,Mumbai,2024-10-16
1199,HNI,Chennai,2022-11-06
1200,Retail,Bangalore,2023-10-24
1201,HNI,Chennai,2023-06-12
1202,Retail,Bangalore,2023-06-24
1203,Retail,Delhi,2023-02-23
1204,Retail,Pune,2023-03-20
1205,Retail,Mumbai,2023-11-16
1206,HNI,Chennai,2024-04-19
1207,Retail,Bangalore,2022-08-24
1208,Retail,Hyderabad,2022-08-02
1209,Retail,Mumbai,2022-03-26
1210,Institutional,Delhi,2024-03-04
1211,Retail,Bangalore,2022-03-26
1212,Retail,Pune,2022-03-06
1213,Retail,Pune,2023-10-25
1214,HNI,Delhi,2023-09-19
1215,Retail,Delhi,2022-03-05
1216,Retail,Pune,2024-07-27
1217,Retail,Chennai,2024-07-07
1218,Retail,Chennai,2023-05-06
1219,Retail,Bangalore,2022-11-09
1220,Retail,Hyderabad,2023-09-07
1221,Institutional,Bangalore,2024-07-07
1222,Retail,Hyderabad,2024-03-23
1223,Retail,Delhi,2024-07-28
1224,Institutional,Mumbai,2023-11-11
1225,Retail,Bangalore,2023-03-11
1226,Retail,Bangalore,2023-11-13
1227,Retail,Hyderabad,2024-12-09
1228,Retail,Delhi,2022-12-06
1229,Institutional,Delhi,2022-12-13
1230,Retail,Hyderabad,2023-10-08
1231,HNI,Delhi,2023-10-11
1232,Retail,Pune,2022-09-02
1233,Retail,Chennai,2022-04-19
1234,Retail,Pune,2023-06-17
1235,Retail,Mumbai,2022-10-23
1236,Retail,Bangalore,2022-04-22
1237,HNI,Mumbai,2022-12-09
1238,Retail,Bangalore,2022-04-11
1239,Institutional,Chennai,2023-09-21
1240,Retail,Delhi,2022-01-28
1241,HNI,Pune,2024-07-25
1242,HNI,Hyderabad,2022-02-27
1243,HNI,Pune,2022-10-24
1244,HNI,Chennai,2022-05-14
1245,HNI,Mumbai,2022-09-06
1246,Retail,Hyderabad,2024-10-17
1247,Retail,Delhi,2023-07-04
1248,Retail,Chennai,2024-06-20
1249,Institutional,Hyderabad,2024-04-13
1250,Retail,Chennai,2024-02-10
1251,HNI,Chennai,2022-05-26
1252,Retail,Delhi,2024-06-11
1253,Retail,Bangalore,2022-12-10
1254,Retail,Hyderabad,2024-11-24
1255,Retail,Delhi,2023-12-03
1256,Retail,Chennai,2022-01-01
1257,Retail,Delhi,2022-06-02
1258,Retail,Bangalore,2023-03-05
1259,Retail,Pune,2023-05-23
1260,Retail,Hyderabad,2023-05-06
1261,Retail,Bangalore,2022-12-11
1262,HNI,Mumbai,2022-08-09
1263,Retail,Hyderabad,2023-12-24
1264,Retail,Bangalore,2024-11-14
1265,Retail,Chennai,2023-06-12
1266,Retail,Hyderabad,2024-04-20
1267,Retail,Hyderabad,2024-12-01
1268,Retail,Delhi,2023-04-26
1269,Retail,Chennai,2024-07-18
1270,Retail,Mumbai,2024-05-21
1271,Retail,Pune,2022-12-11
1272,HNI,Bangalore,2022-02-14
1273,HNI,Delhi,2022-01-21
1274,Retail,Bangalore,2024-12-29
1275,Retail,Mumbai,2024-05-22
1276,Retail,Mumbai,2022-02-17
1277,Retail,Hyderabad,2023-07-05
1278,Institutional,Mumbai,2022-10-14
1279,Retail,Bangalore,2024-09-28
1280,Retail,Chennai,2024-10-30
1281,Retail,Chennai,2023-06-26
1282,HNI,Hyderabad,2024-01-26
1283,Retail,Pune,2022-10-01
1284,Retail,Bangalore,2024-08-13
1285,Retail,Bangalore,2023-08-23
1286,Retail,Mumbai,2023-01-16
1287,Retail,Bangalore,2023-04-24
1288,Retail,Delhi,2022-01-15
1289,Retail,Pune,2023-05-31
1290,Retail,Mumbai,2022-07-10
1291,Retail,Delhi,2023-09-13
1292,Retail,Hyderabad,2022-06-03
1293,Retail,Chennai,2022-09-29
1294,Retail,Hyderabad,2022-05-23
1295,HNI,Chennai,2024-12-28
1296,Retail,Hyderabad,2022-09-04
1297,Retail,Bangalore,2024-02-27
1298,Retail,Delhi,2022-03-20
1299,Retail,Chennai,2023-09-15
1300,HNI,Mumbai,2023-06-09
1301,Retail,Delhi,2024-02-11
1302,Institutional,Mumbai,2024-07-26
1303,Retail,Delhi,2023-09-09
1304,Retail,Delhi,2024-10-28
1305,HNI,Hyderabad,2022-03-08
1306,HNI,Chennai,2022-07-10
1307,HNI,Chennai,2024-02-07
1308,HNI,Delhi,2023-06-05
1309,Retail,Bangalore,2024-09-16
1310,HNI,Bangalore,2022-09-24
1311,Retail,Mumbai,2023-04-30
1312,HNI,Mumbai,2023-01-11
1313,Retail,Hyderabad,2023-10-15
1314,HNI,Delhi,2023-07-03
1315,Retail,Mumbai,2022-03-14
1316,Retail,Mumbai,2022-11-04
1317,Retail,Pune,2022-07-18
1318,HNI,Delhi,2023-07-26
1319,Retail,Hyderabad,2024-03-01
1320,Retail,Mumbai,2022-06-28
1321,Retail,Hyderabad,2022-07-16
1322,Retail,Chennai,2024-01-05
1323,HNI,Hyderabad,2022-03-30
1324,Retail,Bangalore,2024-03-09
1325,Institutional,Bangalore,2024-02-27
1326,Retail,Hyderabad,2024-01-18
1327,Retail,Bangalore,2022-07-28
1328,HNI,Chennai,2023-05-08
1329,Retail,Delhi,2023-10-27
1330,Retail,Bangalore,2024-11-02
1331,Retail,Bangalore,2024-05-20
1332,HNI,Hyderabad,2024-01-02
1333,Retail,Chennai,2023-11-29
1334,Institutional,Delhi,2023-08-17
1335,Institutional,Hyderabad,2024-06-04
1336,Retail,Hyderabad,2024-05-01
1337,Retail,Pune,2022-11-21
1338,Retail,Chennai,2024-09-05
1339,Retail,Delhi,2024-08-13
1340,Retail,Chennai,2024-06-12
1341,Retail,Delhi,2022-05-24
1342,Retail,Chennai,2023-01-19
1343,HNI,Hyderabad,2022-08-04
1344,HNI,Hyderabad,2022-11-20
1345,HNI,Mumbai,2024-11-04
1346,Retail,Bangalore,2022-08-05
1347,Retail,Pune,2024-08-08
1348,Retail,Chennai,2022-07-02
1349,Institutional,Pune,2022-09-27
1350,Retail,Mumbai,2024-08-02
1351,HNI,Bangalore,2024-05-19
1352,Retail,Chennai,2023-04-12
1353,Retail,Delhi,2022-11-01
1354,HNI,Bangalore,2022-04-21
1355,Retail,Hyderabad,2024-10-10
1356,HNI,Mumbai,2022-08-20
1357,Institutional,Bangalore,2023-08-18
1358,Retail,Bangalore,2022-06-22
1359,Retail,Hyderabad,2024-08-30
1360,Retail,Chennai,2024-10-27
1361,Institutional,Delhi,2023-06-30
1362,Retail,Hyderabad,2023-07-02
1363,Retail,Delhi,2023-06-02
1364,Retail,Chennai,2024-07-02
1365,HNI,Bangalore,2022-08-03
1366,Retail,Delhi,2022-05-14
1367,HNI,Mumbai,2022-10-12
1368,Institutional,Mumbai,2023-11-17
1369,Retail,Hyderabad,2022-11-27
1370,Retail,Chennai,2024-06-12
1371,Institutional,Hyderabad,2024-06-17
1372,Retail,Hyderabad,2022-03-19
1373,HNI,Pune,2024-08-04
1374,Retail,Hyderabad,2023-11-19
1375,Retail,Pune,2022-01-21
1376,HNI,Mumbai,2023-07-20
1377,Retail,Mumbai,2024-04-06
1378,Retail,Hyderabad,2022-06-28
1379,Retail,Mumbai,2024-12-18
1380,Retail,Chennai,2024-06-23
1381,Retail,Pune,2023-10-31
1382,Retail,Pune,2022-07-10
1383,Institutional,Hyderabad,2023-12-09
1384,Retail,Mumbai,2024-11-24
1385,Retail,Delhi,2023-01-14
1386,Retail,Pune,2023-01-22
1387,HNI,Hyderabad,2022-08-25
1388,Retail,Hyderabad,2023-09-08
1389,Institutional,Chennai,2022-10-10
1390,Retail,Bangalore,2022-01-01
1391,Retail,Bangalore,2023-04-09
1392,Retail,Pune,2024-08-24
1393,Retail,Chennai,2022-06-21
1394,Retail,Chennai,2024-04-22
1395,Retail,Chennai,2023-11-21
1396,HNI,Pune,2023-07-29
1397,Retail,Bangalore,2022-06-14
1398,Retail,Chennai,2023-01-18
1399,Retail,Mumbai,2022-07-28
1400,HNI,Hyderabad,2022-08-12
1401,Retail,Hyderabad,2022-01-03
1402,Retail,Delhi,2023-01-07
1403,Retail,Delhi,2023-09-03
1404,HNI,Pune,2022-04-26
1405,Retail,Pune,2023-03-23
1406,Retail,Hyderabad,2023-02-19
1407,HNI,Mumbai,2024-06-10
1408,HNI,Bangalore,2024-11-13
1409,Retail,Bangalore,2023-10-25
1410,HNI,Pune,2024-12-09
1411,Retail,Mumbai,2023-12-19
1412,Retail,Pune,2024-11-16
1413,Retail,Bangalore,2022-09-28
1414,Retail,Pune,2023-07-16
1415,Retail,Chennai,2024-03-14
1416,Institutional,Pune,2022-09-04
1417,Retail,Hyderabad,2023-01-22
1418,Retail,Pune,2023-12-03
1419,Retail,Hyderabad,2023-07-13
1420,Institutional,Mumbai,2024-08-30
1421,Retail,Bangalore,2024-09-10
1422,Retail,Delhi,2022-12-18
1423,Retail,Delhi,2024-01-23
1424,Retail,Bangalore,2024-02-20
1425,Institutional,Delhi,2024-10-21
1426,Institutional,Pune,2023-06-30
1427,Retail,Mumbai,2022-03-20
1428,Institutional,Mumbai,2022-11-30
1429,Retail,Bangalore,2024-06-07
1430,HNI,Delhi,2023-05-17
1431,Retail,Pune,2024-02-04
1432,Retail,Mumbai,2024-07-09
1433,Retail,Mumbai,2023-07-04
1434,Retail,Chennai,2022-01-14
1435,Retail,Chennai,2023-01-27
1436,Retail,Mumbai,2022-11-06
1437,Retail,Bangalore,2023-01-21
1438,HNI,Hyderabad,2024-08-31
1439,Retail,Hyderabad,2022-12-06
1440,Retail,Pune,2023-08-20
1441,Institutional,Mumbai,2024-01-27
1442,Retail,Mumbai,2024-11-11
1443,Retail,Mumbai,2022-10-18
1444,Retail,Bangalore,2022-11-02
1445,HNI,Chennai,2023-09-26
1446,Retail,Mumbai,2023-09-17
1447,Retail,Mumbai,2024-07-27
1448,HNI,Delhi,2024-04-27
1449,Institutional,Bangalore,2023-03-18
1450,Retail,Pune,2023-05-18
1451,Retail,Mumbai,2022-05-10
1452,Retail,Delhi,2023-08-20
1453,HNI,Hyderabad,2024-05-11
1454,Retail,Pune,2023-08-16
1455,Retail,Mumbai,2024-09-25
1456,Institutional,Mumbai,2022-11-21
1457,Retail,Delhi,2024-12-28
1458,Retail,Bangalore,2023-03-24
1459,Retail,Mumbai,2024-03-29
1460,Retail,Hyderabad,2023-12-10
1461,Retail,Mumbai,2022-09-22
1462,Retail,Hyderabad,2023-09-04
1463,Retail,Pune,2024-04-11
1464,Retail,Pune,2023-11-05
1465,Institutional,Chennai,2022-06-06
1466,Retail,Chennai,2022-09-08
1467,Institutional,Hyderabad,2024-05-27
1468,Retail,Bangalore,2023-06-14
1469,HNI,Mumbai,2022-11-23
1470,HNI,Mumbai,2024-08-18
1471,Retail,Chennai,2024-06-13
1472,HNI,Hyderabad,2022-04-07
1473,HNI,Mumbai,2023-05-28
1474,Retail,Mumbai,2022-08-04
1475,Retail,Bangalore,2022-05-05
1476,Retail,Delhi,2022-02-28
1477,HNI,Chennai,2022-06-10
1478,HNI,Chennai,2022-10-11
1479,HNI,Delhi,2022-04-16
1480,Retail,Mumbai,2022-08-16
1481,HNI,Bangalore,2022-11-14
1482,Retail,Bangalore,2024-03-12
1483,Retail,Chennai,2024-05-23
1484,Retail,Bangalore,2023-04-17
1485,Retail,Pune,2024-12-15
1486,Retail,Delhi,2023-09-17
1487,Retail,Mumbai,2022-01-13
1488,Retail,Pune,2024-11-07
1489,Retail,Delhi,2023-11-25
1490,Retail,Hyderabad,2024-08-30
1491,Retail,Chennai,2022-04-23
1492,Retail,Bangalore,2022-08-17
1493,Retail,Hyderabad,2022-06-20
1494,Retail,Bangalore,2022-10-22
1495,Retail,Pune,2022-07-08
1496,Retail,Mumbai,2023-03-02
1497,Retail,Mumbai,2024-09-03
1498,Retail,Mumbai,2023-10-20
1499,Retail,Bangalore,2024-07-07
1500,HNI,Hyderabad,2023-05-14
1501,Retail,Mumbai,2024-02-01
1502,Retail,Hyderabad,2024-05-15
1503,Retail,Bangalore,2024-04-05
1504,Retail,Pune,2022-03-12
1505,Retail,Hyderabad,2022-09-05
1506,Retail,Pune,2022-05-26
1507,Retail,Bangalore,2023-08-05
1508,Retail,Bangalore,2023-04-15
1509,Retail,Chennai,2022-07-12
1510,HNI,Bangalore,2024-12-27
1511,HNI,Bangalore,2023-05-09
1512,HNI,Delhi,2022-02-21
1513,Institutional,Mumbai,2024-05-31
1514,Retail,Chennai,2022-12-29
1515,Retail,Chennai,2024-07-05
1516,Retail,Chennai,2023-04-19
1517,Retail,Delhi,2023-06-05
1518,HNI,Pune,2023-11-22
1519,Retail,Bangalore,2023-06-16
1520,Institutional,Mumbai,2024-04-19
1521,Retail,Hyderabad,2024-12-24
1522,Institutional,Pune,2022-08-29
1523,Retail,Bangalore,2023-06-20
1524,Retail,Delhi,2022-03-24
1525,Retail,Bangalore,2024-09-08
1526,Retail,Bangalore,2024-08-08
1527,Retail,Delhi,2023-09-03
1528,Retail,Chennai,2023-07-28
1529,HNI,Chennai,2022-10-13
1530,Retail,Mumbai,2024-09-15
1531,Retail,Mumbai,2023-04-04
1532,Retail,Chennai,2022-05-06
1533,HNI,Pune,2023-03-01
1534,Retail,Hyderabad,2023-07-08
1535,Retail,Bangalore,2023-09-02
1536,Retail,Hyderabad,2022-04-22
1537,Retail,Bangalore,2023-02-06
1538,Retail,Chennai,2022-05-02
1539,Retail,Mumbai,2022-09-30
1540,Retail,Pune,2023-02-02
1541,HNI,Mumbai,2023-04-16
1542,Retail,Hyderabad,2024-09-11
1543,Retail,Mumbai,2023-07-23
1544,Retail,Chennai,2024-06-15
1545,Institutional,Pune,2024-03-30
1546,Retail,Hyderabad,2024-05-02
1547,HNI,Pune,2023-12-11
1548,Retail,Bangalore,2022-11-17
1549,Retail,Mumbai,2022-06-28
1550,Retail,Pune,2024-06-15
1551,Institutional,Delhi,2022-08-07
1552,Retail,Mumbai,2024-02-28
1553,HNI,Bangalore,2023-05-07
1554,HNI,Pune,2022-03-02
1555,Retail,Hyderabad,2024-12-13
1556,Retail,Bangalore,2023-06-22
1557,Retail,Delhi,2024-04-27
1558,Retail,Pune,2024-09-14
1559,HNI,Chennai,2022-03-06
1560,Institutional,Mumbai,2023-08-09
1561,Retail,Hyderabad,2022-06-20
1562,Retail,Chennai,2023-06-19
1563,HNI,Pune,2023-11-24
1564,Retail,Pune,2022-04-18
1565,HNI,Bangalore,2024-03-24
1566,Retail,Pune,2024-10-01
1567,Retail,Hyderabad,2023-03-28
1568,Retail,Chennai,2023-08-13
1569,Retail,Hyderabad,2024-11-05
1570,Retail,Delhi,2022-11-23
1571,Retail,Delhi,2023-08-31
1572,Retail,Mumbai,2023-10-21
1573,HNI,Mumbai,2022-01-02
1574,HNI,Delhi,2024-10-30
1575,Retail,Pune,2023-03-10
1576,Retail,Hyderabad,2022-05-05
1577,Retail,Delhi,2023-04-30
1578,Retail,Mumbai,2023-10-14
1579,Retail,Delhi,2024-03-10
1580,Retail,Pune,2024-05-22
1581,Retail,Delhi,2022-05-09
1582,Retail,Hyderabad,2023-03-14
1583,Retail,Chennai,2024-01-21
1584,Retail,Pune,2023-05-16
1585,Institutional,Mumbai,2024-12-17
1586,Retail,Hyderabad,2022-07-30
1587,Retail,Delhi,2024-06-20
1588,Retail,Delhi,2022-02-14
1589,Retail,Chennai,2023-06-19
1590,HNI,Mumbai,2023-04-06
1591,Retail,Mumbai,2023-01-26
1592,Institutional,Bangalore,2024-12-03
1593,Retail,Mumbai,2022-01-27
1594,Retail,Chennai,2024-03-04
1595,HNI,Bangalore,2024-09-01
1596,Retail,Bangalore,2023-07-02
1597,Retail,Delhi,2023-09-13
1598,Retail,Delhi,2023-07-21
1599,Retail,Mumbai,2023-12-05
1600,HNI,Bangalore,2022-07-04
1601,Retail,Delhi,2024-12-28
1602,Retail,Chennai,2024-04-27
1603,Retail,Delhi,2023-08-22
1604,Retail,Pune,2024-03-16
1605,Retail,Pune,2022-03-20
1606,Retail,Delhi,2023-08-02
1607,Retail,Bangalore,2023-02-17
1608,HNI,Bangalore,2023-06-30
1609,Retail,Hyderabad,2022-06-18
1610,Retail,Pune,2023-11-12
1611,HNI,Chennai,2023-08-06
1612,Retail,Bangalore,2023-05-30
1613,Retail,Mumbai,2022-02-01
1614,Retail,Pune,2022-10-14
1615,Retail,Chennai,2023-08-17
1616,Retail,Chennai,2024-12-02
1617,Institutional,Bangalore,2023-09-09
1618,Retail,Chennai,2024-10-21
1619,Retail,Bangalore,2022-09-27
1620,HNI,Delhi,2023-06-02
1621,Retail,Pune,2024-10-30
1622,Retail,Hyderabad,2023-08-06
1623,Retail,Delhi,2022-08-14
1624,Institutional,Pune,2023-11-01
1625,Retail,Bangalore,2024-07-05
1626,Retail,Pune,2022-05-06
1627,Retail,Bangalore,2024-08-13
1628,Retail,Delhi,2022-03-15
1629,Retail,Mumbai,2022-02-25
1630,Retail,Mumbai,2023-12-21
1631,HNI,Pune,2023-07-07
1632,Retail,Mumbai,2022-02-01
1633,Retail,Bangalore,2023-07-28
1634,HNI,Chennai,2023-10-29
1635,Institutional,Bangalore,2022-10-11
1636,Retail,Chennai,2022-07-06
1637,Retail,Delhi,2023-05-13
1638,Retail,Hyderabad,2022-05-10
1639,Institutional,Chennai,2023-10-01
1640,Institutional,Mumbai,2022-04-24
1641,Retail,Bangalore,2022-01-13
1642,HNI,Delhi,2023-03-20
1643,Retail,Mumbai,2023-03-23
1644,Retail,Delhi,2024-09-12
1645,Retail,Hyderabad,2024-09-19
1646,HNI,Bangalore,2023-12-16
1647,Retail,Pune,2022-03-15
1648,HNI,Bangalore,2023-06-21
1649,HNI,Hyderabad,2022-04-11
1650,HNI,Bangalore,2022-06-25
1651,Retail,Pune,2023-03-03
1652,Retail,Chennai,2022-02-10
1653,Retail,Delhi,2023-03-05
1654,Retail,Pune,2022-12-10
1655,Retail,Mumbai,2023-01-01
1656,Institutional,Hyderabad,2023-09-01
1657,Retail,Chennai,2023-10-19
1658,Retail,Mumbai,2023-12-29
1659,Retail,Mumbai,2022-08-17
1660,Retail,Hyderabad,2024-04-04
1661,Retail,Chennai,2024-06-07
1662,Retail,Mumbai,2024-09-10
1663,Institutional,Mumbai,2024-04-15
1664,Retail,Chennai,2022-04-27
1665,Institutional,Bangalore,2024-03-28
1666,HNI,Mumbai,2023-01-03
1667,Retail,Delhi,2022-06-17
1668,Institutional,Chennai,2024-08-11
1669,Retail,Mumbai,2023-10-23
1670,HNI,Hyderabad,2023-11-26
1671,Retail,Pune,2024-07-13
1672,HNI,Delhi,2022-06-01
1673,HNI,Pune,2023-08-09
1674,HNI,Pune,2024-07-01
1675,HNI,Mumbai,2022-10-01
1676,Retail,Delhi,2023-05-11
1677,Retail,Delhi,2022-04-11
1678,Retail,Bangalore,2023-07-11
1679,Retail,Pune,2022-03-14
1680,Retail,Delhi,2024-11-03
1681,Retail,Bangalore,2022-06-06
1682,Institutional,Chennai,2024-01-05
1683,Retail,Bangalore,2022-05-12
1684,HNI,Hyderabad,2024-10-15
1685,Retail,Mumbai,2023-07-13
1686,HNI,Chennai,2022-04-17
1687,Institutional,Chennai,2022-09-22
1688,Retail,Hyderabad,2022-06-04
1689,Retail,Bangalore,2024-09-14
1690,HNI,Mumbai,2024-09-23
1691,Retail,Bangalore,2022-09-04
1692,Retail,Delhi,2023-06-15
1693,Retail,Bangalore,2024-05-07
1694,Retail,Chennai,2023-06-22
1695,Retail,Mumbai,2023-12-30
1696,Retail,Bangalore,2022-06-03
1697,Retail,Mumbai,2022-04-02
1698,Retail,Mumbai,2022-12-04
1699,Institutional,Delhi,2023-03-26
1700,Retail,Delhi,2024-03-20
1701,Institutional,Chennai,2024-02-26
1702,Retail,Hyderabad,2022-09-30
1703,Retail,Mumbai,2023-08-11
1704,Retail,Hyderabad,2022-06-26
1705,Retail,Chennai,2024-04-10
1706,Retail,Mumbai,2023-10-05
1707,Retail,Mumbai,2024-12-08
1708,Retail,Pune,2023-07-21
1709,Retail,Hyderabad,2023-10-28
1710,Retail,Bangalore,2024-05-17
1711,Retail,Delhi,2024-12-05
1712,Retail,Bangalore,2022-10-29
1713,HNI,Hyderabad,2024-05-17
1714,Retail,Delhi,2024-06-30
1715,Retail,Bangalore,2023-02-12
1716,Institutional,Pune,2024-04-01
1717,Retail,Delhi,2023-07-15
1718,Retail,Mumbai,2023-04-09
1719,Institutional,Bangalore,2022-05-24
1720,Retail,Delhi,2023-03-18
1721,Retail,Pune,2023-05-02
1722,Retail,Delhi,2024-05-09
1723,Retail,Delhi,2022-05-28
1724,Retail,Pune,2024-12-30
1725,Retail,Bangalore,2024-03-21
1726,Retail,Chennai,2023-10-28
1727,Retail,Bangalore,2022-03-31
1728,Institutional,Hyderabad,2022-07-18
1729,HNI,Pune,2023-06-22
1730,Retail,Bangalore,2022-10-28
1731,Retail,Delhi,2023-12-25
1732,Retail,Pune,2024-08-20
1733,Retail,Mumbai,2022-03-09
1734,Retail,Bangalore,2023-04-04
1735,Retail,Pune,2023-02-02
1736,HNI,Bangalore,2023-09-12
1737,Retail,Pune,2023-12-31
1738,Retail,Delhi,2023-07-10
1739,Retail,Mumbai,2024-02-20
1740,Retail,Mumbai,2024-06-12
1741,HNI,Hyderabad,2023-09-02
1742,HNI,Pune,2024-01-18
1743,HNI,Bangalore,2022-10-09
1744,Retail,Mumbai,2023-10-23
1745,Retail,Mumbai,2024-07-12
1746,Retail,Chennai,2024-09-22
1747,Retail,Chennai,2024-01-16
1748,Retail,Mumbai,2022-03-28
1749,HNI,Pune,2024-03-01
1750,Retail,Hyderabad,2022-10-31
1751,Retail,Mumbai,2022-05-10
1752,Retail,Delhi,2023-08-19
1753,Retail,Bangalore,2023-07-12
1754,Retail,Hyderabad,2024-06-17
1755,Institutional,Delhi,2022-03-19
1756,HNI,Hyderabad,2024-02-23
1757,Institutional,Delhi,2023-11-05
1758,Retail,Bangalore,2022-08-26
1759,Retail,Bangalore,2022-10-05
1760,Retail,Chennai,2024-11-07
1761,Retail,Pune,2023-06-08
1762,HNI,Delhi,2022-06-29
1763,Retail,Chennai,2022-05-03
1764,Retail,Delhi,2024-12-10
1765,Retail,Chennai,2024-12-30
1766,Retail,Bangalore,2023-04-25
1767,HNI,Hyderabad,2024-11-08
1768,Retail,Chennai,2022-03-25
1769,Retail,Delhi,2023-07-19
1770,Retail,Delhi,2023-09-11
1771,Retail,Pune,2022-12-23
1772,HNI,Bangalore,2024-03-26
1773,HNI,Delhi,2023-10-09
1774,Institutional,Mumbai,2023-03-19
1775,HNI,Hyderabad,2024-12-28
1776,Retail,Chennai,2023-06-07
1777,Retail,Pune,2022-05-23
1778,Retail,Hyderabad,2022-07-11
1779,Retail,Bangalore,2023-01-13
1780,HNI,Pune,2023-08-04
1781,Retail,Chennai,2023-06-19
1782,Institutional,Chennai,2024-10-29
1783,Retail,Mumbai,2022-04-03
1784,Retail,Bangalore,2023-06-13
1785,Retail,Pune,2023-02-09
1786,HNI,Pune,2024-04-19
1787,Retail,Delhi,2024-06-07
1788,Retail,Mumbai,2023-02-26
1789,Retail,Mumbai,2023-04-17
1790,Retail,Pune,2024-06-11
1791,Retail,Pune,2023-07-01
1792,HNI,Hyderabad,2023-09-23
1793,Retail,Hyderabad,2024-11-03
1794,Retail,Hyderabad,2024-02-17
1795,Retail,Mumbai,2022-12-30
1796,Retail,Delhi,2022-04-29
1797,HNI,Chennai,2023-06-30
1798,Retail,Hyderabad,2023-06-06
1799,Retail,Delhi,2023-09-26
1800,Retail,Bangalore,2024-08-20
1801,Institutional,Hyderabad,2024-08-15
1802,HNI,Chennai,2024-06-01
1803,Retail,Bangalore,2024-02-19
1804,Retail,Bangalore,2024-05-20
1805,Retail,Chennai,2023-05-31
1806,HNI,Hyderabad,2024-07-26
1807,Retail,Mumbai,2024-05-15
1808,Retail,Chennai,2022-04-16
1809,Retail,Chennai,2022-08-02
1810,Retail,Chennai,2024-04-29
1811,Retail,Bangalore,2022-07-16
1812,HNI,Delhi,2022-01-19
1813,Retail,Mumbai,2023-10-04
1814,Retail,Hyderabad,2024-11-01
1815,Retail,Hyderabad,2022-11-26
1816,Institutional,Delhi,2024-05-15
1817,Retail,Chennai,2024-02-13
1818,HNI,Mumbai,2023-01-27
1819,Retail,Hyderabad,2023-09-29
1820,Retail,Pune,2022-11-03
1821,Retail,Hyderabad,2024-06-13
1822,Retail,Chennai,2023-10-14
1823,Retail,Pune,2024-04-20
1824,HNI,Delhi,2024-10-22
1825,Retail,Mumbai,2023-06-04
1826,Retail,Delhi,2023-09-28
1827,Retail,Delhi,2024-01-10
1828,Institutional,Mumbai,2023-04-14
1829,HNI,Mumbai,2022-07-31
1830,Retail,Hyderabad,2024-10-28
1831,Institutional,Hyderabad,2024-03-14
1832,Retail,Mumbai,2023-04-22
1833,Retail,Pune,2024-05-23
1834,HNI,Bangalore,2023-04-05
1835,HNI,Hyderabad,2022-09-10
1836,Retail,Bangalore,2024-01-22
1837,Retail,Pune,2024-09-07
1838,Retail,Mumbai,2024-05-03
1839,Institutional,Pune,2022-08-24
1840,Retail,Hyderabad,2023-04-23
1841,Retail,Delhi,2023-11-10
1842,Retail,Mumbai,2024-11-09
1843,Retail,Chennai,2022-08-04
1844,Retail,Bangalore,2024-05-04
1845,Institutional,Pune,2022-05-15
1846,Retail,Mumbai,2024-06-23
1847,Retail,Pune,2023-02-14
1848,Retail,Mumbai,2022-03-27
1849,HNI,Hyderabad,2023-07-10
1850,Retail,Hyderabad,2023-01-13
1851,Retail,Hyderabad,2024-12-10
1852,HNI,Pune,2022-08-30
1853,HNI,Chennai,2024-07-08
1854,HNI,Hyderabad,2022-09-23
1855,Institutional,Mumbai,2023-12-13
1856,Retail,Hyderabad,2022-03-11
1857,HNI,Delhi,2022-02-26
1858,Retail,Hyderabad,2022-02-08
1859,HNI,Pune,2024-03-11
1860,HNI,Chennai,2024-11-07
1861,HNI,Delhi,2024-01-02
1862,Retail,Pune,2024-04-04
1863,Retail,Pune,2024-01-26
1864,Retail,Pune,2022-12-18
1865,Institutional,Mumbai,2022-10-10
1866,Institutional,Pune,2022-04-20
1867,Retail,Mumbai,2024-10-13
1868,Retail,Pune,2023-06-28
1869,Retail,Bangalore,2022-01-25
1870,HNI,Delhi,2024-04-22
1871,HNI,Bangalore,2024-03-01
1872,Retail,Pune,2024-01-08
1873,Retail,Delhi,2022-02-26
1874,HNI,Delhi,2022-06-29
1875,HNI,Chennai,2022-08-20
1876,Retail,Bangalore,2022-12-09
1877,Retail,Chennai,2023-04-22
1878,Retail,Delhi,2023-07-30
1879,Retail,Mumbai,2023-03-31
1880,Retail,Delhi,2022-10-16
1881,Retail,Chennai,2022-09-15
1882,HNI,Bangalore,2023-06-14
1883,Retail,Pune,2023-11-18
1884,HNI,Pune,2024-07-17
1885,Retail,Bangalore,2022-08-17
1886,Retail,Pune,2023-08-19
1887,Retail,Pune,2023-03-11
1888,Retail,Chennai,2024-05-31
1889,HNI,Bangalore,2024-10-17
1890,Institutional,Hyderabad,2023-02-06
1891,Retail,Mumbai,2023-09-14
1892,Retail,Mumbai,2022-03-29
1893,HNI,Pune,2023-08-07
1894,Retail,Mumbai,2022-11-05
1895,Retail,Bangalore,2024-06-24
1896,HNI,Bangalore,2022-12-09
1897,Retail,Delhi,2023-03-12
1898,Retail,Delhi,2022-06-26
1899,Retail,Mumbai,2022-05-19
1900,HNI,Hyderabad,2022-07-13
1901,Retail,Delhi,2024-07-31
1902,Retail,Delhi,2023-06-09
1903,HNI,Bangalore,2024-12-01
1904,Retail,Hyderabad,2024-07-03
1905,HNI,Pune,2022-07-29
1906,Retail,Mumbai,2024-01-11
1907,Institutional,Delhi,2024-05-11
1908,Retail,Hyderabad,2024-08-11
1909,Retail,Hyderabad,2024-04-12
1910,Retail,Mumbai,2022-05-20
1911,Retail,Hyderabad,2024-03-02
1912,HNI,Hyderabad,2023-06-30
1913,Institutional,Hyderabad,2024-10-13
1914,Retail,Delhi,2022-02-26
1915,Retail,Mumbai,2022-04-22
1916,HNI,Hyderabad,2022-01-05
1917,HNI,Hyderabad,2024-11-02
1918,Retail,Delhi,2022-03-31
1919,Retail,Mumbai,2023-09-08
1920,Retail,Bangalore,2024-06-09
1921,Retail,Delhi,2023-11-29
1922,Retail,Mumbai,2024-06-16
1923,Retail,Hyderabad,2024-08-28
1924,Retail,Mumbai,2023-10-30
1925,HNI,Mumbai,2023-08-17
1926,Retail,Pune,2023-08-12
1927,Retail,Mumbai,2023-04-30
1928,Retail,Bangalore,2024-09-08
1929,Retail,Mumbai,2024-08-29
1930,Retail,Bangalore,2023-10-01
1931,Retail,Hyderabad,2024-09-23
1932,Retail,Bangalore,2022-10-09
1933,Retail,Hyderabad,2024-09-12
1934,Retail,Hyderabad,2022-01-16
1935,Retail,Bangalore,2024-07-24
1936,HNI,Delhi,2022-09-11
1937,Retail,Chennai,2022-11-25
1938,HNI,Mumbai,2023-06-28
1939,Retail,Pune,2024-02-22
1940,Retail,Chennai,2024-09-23
1941,Retail,Mumbai,2024-04-24
1942,Retail,Mumbai,2023-01-01
1943,HNI,Hyderabad,2023-10-17
1944,HNI,Mumbai,2024-01-30
1945,HNI,Pune,2023-10-01
1946,Retail,Mumbai,2024-11-29
1947,Retail,Bangalore,2024-07-12
1948,Retail,Chennai,2023-02-20
1949,Retail,Bangalore,2022-09-12
1950,Retail,Pune,2023-12-11
1951,Retail,Mumbai,2023-07-31
1952,Retail,Pune,2024-06-18
1953,Retail,Hyderabad,2022-01-11
1954,HNI,Bangalore,2022-01-26
1955,Institutional,Bangalore,2024-08-14
1956,Institutional,Delhi,2023-02-25
1957,Retail,Mumbai,2023-05-11
1958,Retail,Hyderabad,2022-08-25
1959,Retail,Bangalore,2024-10-05
1960,HNI,Bangalore,2022-08-07
1961,Retail,Hyderabad,2023-04-06
1962,Retail,Pune,2023-10-25
1963,HNI,Pune,2023-09-27
1964,Retail,Mumbai,2024-09-16
1965,Retail,Delhi,2022-07-08
1966,Retail,Bangalore,2022-09-12
1967,Retail,Delhi,2022-03-09
1968,Retail,Pune,2023-09-08
1969,Retail,Pune,2022-12-02
1970,Retail,Chennai,2023-11-02
1971,Retail,Mumbai,2024-03-31
1972,HNI,Chennai,2024-05-23
1973,Retail,Chennai,2022-10-27
1974,Retail,Chennai,2022-12-23
1975,Retail,Mumbai,2022-09-13
1976,Institutional,Mumbai,2024-10-04
1977,Retail,Hyderabad,2022-12-19
1978,Retail,Delhi,2023-06-08
1979,HNI,Delhi,2024-08-07
1980,HNI,Hyderabad,2024-01-26
1981,Retail,Hyderabad,2022-10-11
1982,HNI,Pune,2022-04-09
1983,Retail,Chennai,2022-07-16
1984,Retail,Hyderabad,2023-04-27
1985,Retail,Bangalore,2024-05-27
1986,Retail,Delhi,2023-09-07
1987,HNI,Hyderabad,2023-09-10
1988,Retail,Bangalore,2023-01-03
1989,Retail,Bangalore,2023-07-24
1990,HNI,Bangalore,2023-08-13
1991,HNI,Pune,2024-12-01
1992,Retail,Pune,2023-02-26
1993,Retail,Bangalore,2024-04-15
1994,Retail,Pune,2023-06-29
1995,HNI,Chennai,2022-03-12
1996,Retail,Bangalore,2024-02-07
1997,Institutional,Chennai,2022-11-03
1998,Retail,Chennai,2023-01-12
1999,Retail,Bangalore,2023-10-17
2000,Retail,Delhi,2023-11-09
